,id,lang,text,user_id,screen_name,name,statuses_count,retweet_count,source_url,source_url_cat
0,1265667254873739264,en,RT @patri_vaquero_: 🔬 Colab Pro: Is it Worth the Money? #BigData #Analytics #DataScience #AI #MachineLearning #IoT #PyTorch #Python #RStats…,1264897037742505985,_awesomecoder,Awesome Coder,33,13,https://dephraiim.github.io,https://dephraiim.github.io
1,1265667246837424129,en,RT @patri_vaquero_: 🔬 Colab Pro: Is it Worth the Money? #BigData #Analytics #DataScience #AI #MachineLearning #IoT #PyTorch #Python #RStats…,955039188264603648,CloudCoopItaly,CloudCoop ☁️,14975,13,http://www.cloudcoop.it,http://www.cloudcoop.it
2,1265667132043309057,en,RT @patri_vaquero_: 🔬 Colab Pro: Is it Worth the Money? #BigData #Analytics #DataScience #AI #MachineLearning #IoT #PyTorch #Python #RStats…,1242050244285624320,ndroid_techk,Ndroid Technology,4131,13,http://ndroid.online,http://ndroid.online
3,1265665079321587712,en,RT @patri_vaquero_: 🔬 Awesome Cheat Sheets for Popular #Programming Languages.. #BigData #Analytics #DataScience #CPP #IoT #IIoT #PyTorch #…,1190726565073522694,LlnuxBot,LinuxBot,256851,85,https://techdox.nz,https://techdox.nz
4,1265665055368118276,en,RT @patri_vaquero_: 🔬 Awesome Cheat Sheets for Popular #Programming Languages.. #BigData #Analytics #DataScience #CPP #IoT #IIoT #PyTorch #…,1260062769543434240,nlognbot,nlognbot,28780,85,https://nlogn.in,https://nlogn.in
5,1265665052025200644,en,RT @patri_vaquero_: 🔬 Awesome Cheat Sheets for Popular #Programming Languages.. #BigData #Analytics #DataScience #CPP #IoT #IIoT #PyTorch #…,1127829883013361665,xaelbot,xael bot,414223,85,https://yathinbabu.github.io,https://yathinbabu.github.io
6,1265665048648826880,en,RT @patri_vaquero_: 🔬 Awesome Cheat Sheets for Popular #Programming Languages.. #BigData #Analytics #DataScience #CPP #IoT #IIoT #PyTorch #…,1182866592138350592,theInfernobot,Inferno,9154,85,https://google.com,https://google.com
7,1265665047591821312,en,RT @patri_vaquero_: 🔬 Awesome Cheat Sheets for Popular #Programming Languages.. #BigData #Analytics #DataScience #CPP #IoT #IIoT #PyTorch #…,885513434569355265,Taieb_Bot,JSBot,446657,85,https://github.com/AlFalahTaieb,https://github.com/AlFalahTaieb
8,1265665036200140801,en,RT @patri_vaquero_: 🔬 Awesome Cheat Sheets for Popular #Programming Languages.. #BigData #Analytics #DataScience #CPP #IoT #IIoT #PyTorch #…,1229091405152256001,redianbot,Ready Dev,111873,85,https://go-shopal.herokuapp.com,https://go-shopal.herokuapp.com
9,1265664987986526216,en,RT @patri_vaquero_: 🔬 Awesome Cheat Sheets for Popular #Programming Languages.. #BigData #Analytics #DataScience #CPP #IoT #IIoT #PyTorch #…,868084744763965443,iotworlds,IoT Worlds,40008,85,https://mobile.twitter.com,https://mobile.twitter.com
10,1265664048647024640,en,RT @gp_pulipaka: Autopredict Coding Tools. #BigData #Analytics #DataScience #AI #MachineLearning #IoT #IIoT #PyTorch #Python #RStats #Tenso…,1260062769543434240,nlognbot,nlognbot,28780,44,https://nlogn.in,https://nlogn.in
11,1265664048076664834,en,RT @gp_pulipaka: Autopredict Coding Tools. #BigData #Analytics #DataScience #AI #MachineLearning #IoT #IIoT #PyTorch #Python #RStats #Tenso…,2358562603,andrewmorrisuk,Andrew Morris,394425,44,http://andrewmmorris.com/,http://andrewmmorris.com/
12,1265664040115855360,en,RT @gp_pulipaka: Autopredict Coding Tools. #BigData #Analytics #DataScience #AI #MachineLearning #IoT #IIoT #PyTorch #Python #RStats #Tenso…,1185239168768761856,CursedWaste,cursed outcast waste,3254,44,http://twitter.com/download/android,http://twitter.com/download/android
13,1265663681293139969,en,RT @patri_vaquero_: 🔬 Colab Pro: Is it Worth the Money? #BigData #Analytics #DataScience #AI #MachineLearning #IoT #PyTorch #Python #RStats…,1134668128489656320,ShyBOT7,Shy BOT,43068,13,https://digitalinspiration.com,https://digitalinspiration.com
14,1265663503874039809,en,RT @gp_pulipaka: Autopredict Coding Tools. #BigData #Analytics #DataScience #AI #MachineLearning #IoT #IIoT #PyTorch #Python #RStats #Tenso…,210555477,v_braun,Viktor Braun,5994,44,https://viktor-braun.de/,https://viktor-braun.de/
15,1265663250726871040,en,RT @gp_pulipaka: Autopredict Coding Tools. #BigData #Analytics #DataScience #AI #MachineLearning #IoT #IIoT #PyTorch #Python #RStats #Tenso…,832172817978376196,Bomoimajid,Bomoi Abdulmajid,16423,44,http://twitter.com/download/android,http://twitter.com/download/android
16,1265662794134945792,en,"RT @dayus4heaven: Python Essential Cheat Sheet for your use.
#WebDev #BigData #Analytics #DataScience #CyberSecurity #IoT #IIoT #PyTorch #P…",868084744763965443,iotworlds,IoT Worlds,40008,57,https://mobile.twitter.com,https://mobile.twitter.com
17,1265659849284579328,en,RT @patri_vaquero_: 🔬 Colab Pro: Is it Worth the Money? #BigData #Analytics #DataScience #AI #MachineLearning #IoT #PyTorch #Python #RStats…,737142202481016832,chidambara09,Chidambara .ML.,1020413,13,https://mobile.twitter.com,https://mobile.twitter.com
18,1265659153483206658,en,RT @patri_vaquero_: 🔬 Colab Pro: Is it Worth the Money? #BigData #Analytics #DataScience #AI #MachineLearning #IoT #PyTorch #Python #RStats…,885513434569355265,Taieb_Bot,JSBot,446657,13,https://github.com/AlFalahTaieb,https://github.com/AlFalahTaieb
19,1265659145904107520,en,RT @patri_vaquero_: 🔬 Colab Pro: Is it Worth the Money? #BigData #Analytics #DataScience #AI #MachineLearning #IoT #PyTorch #Python #RStats…,1182866592138350592,theInfernobot,Inferno,9154,13,https://google.com,https://google.com
20,1265659100404342784,en,RT @patri_vaquero_: 🔬 Colab Pro: Is it Worth the Money? #BigData #Analytics #DataScience #AI #MachineLearning #IoT #PyTorch #Python #RStats…,1018459979047624710,JSNewsBot,JS News,145751,13,https://jsnewsbot.herokuapp.com,https://jsnewsbot.herokuapp.com
21,1265658582550237184,en,RT @patri_vaquero_: 🔬 Colab Pro: Is it Worth the Money? #BigData #Analytics #DataScience #AI #MachineLearning #IoT #PyTorch #Python #RStats…,1190726565073522694,LlnuxBot,LinuxBot,256851,13,https://techdox.nz,https://techdox.nz
22,1265658564292550658,en,RT @patri_vaquero_: 🔬 Colab Pro: Is it Worth the Money? #BigData #Analytics #DataScience #AI #MachineLearning #IoT #PyTorch #Python #RStats…,1204128767251230720,codedailybot,#100daysOfCode,352714,13,https://twitter.com/codedailybot,https://twitter.com/codedailybot
23,1265658564284219393,en,RT @patri_vaquero_: 🔬 Colab Pro: Is it Worth the Money? #BigData #Analytics #DataScience #AI #MachineLearning #IoT #PyTorch #Python #RStats…,1204128767251230720,codedailybot,#100daysOfCode,352714,13,https://twitter.com/codedailybot,https://twitter.com/codedailybot
24,1265658482017042432,en,RT @patri_vaquero_: 🔬 Colab Pro: Is it Worth the Money? #BigData #Analytics #DataScience #AI #MachineLearning #IoT #PyTorch #Python #RStats…,971620109197312000,ServerlessFan,Serverless Fan,221904,13,http://localhost.com,http://localhost.com
25,1265658459401453568,en,🔬 Colab Pro: Is it Worth the Money? #BigData #Analytics #DataScience #AI #MachineLearning #IoT #PyTorch #Python… https://t.co/cPuYlemoXk,1141410142937911296,patri_vaquero_,# Patricia #,8377,13,http://twitter.com/download/android,http://twitter.com/download/android
26,1265653616326696961,en,"RT @PinakiLaskar: #Programmer directory!

#AI #Analytics #DataScience #rstats #IoT #TensorFlow #javascript #reactjs #Cloud #Serverless #Nod…",1229091405152256001,redianbot,Ready Dev,111873,87,https://go-shopal.herokuapp.com,https://go-shopal.herokuapp.com
27,1265653604330995713,en,"RT @PinakiLaskar: #Programmer directory!

#AI #Analytics #DataScience #rstats #IoT #TensorFlow #javascript #reactjs #Cloud #Serverless #Nod…",1260062769543434240,nlognbot,nlognbot,28780,87,https://nlogn.in,https://nlogn.in
28,1265653586773622789,en,"RT @PinakiLaskar: #Programmer directory!

#AI #Analytics #DataScience #rstats #IoT #TensorFlow #javascript #reactjs #Cloud #Serverless #Nod…",1182866592138350592,theInfernobot,Inferno,9154,87,https://google.com,https://google.com
29,1265653561544839168,en,"RT @PinakiLaskar: #Programmer directory!

#AI #Analytics #DataScience #rstats #IoT #TensorFlow #javascript #reactjs #Cloud #Serverless #Nod…",885513434569355265,Taieb_Bot,JSBot,446657,87,https://github.com/AlFalahTaieb,https://github.com/AlFalahTaieb
30,1265653548823560192,en,"RT @PinakiLaskar: #Programmer directory!

#AI #Analytics #DataScience #rstats #IoT #TensorFlow #javascript #reactjs #Cloud #Serverless #Nod…",1127829883013361665,xaelbot,xael bot,414223,87,https://yathinbabu.github.io,https://yathinbabu.github.io
31,1265653536131624962,en,"RT @PinakiLaskar: #Programmer directory!

#AI #Analytics #DataScience #rstats #IoT #TensorFlow #javascript #reactjs #Cloud #Serverless #Nod…",108944992,a1akhai,Andrea Castelli,889,87,http://itunes.apple.com/us/app/twitter/id409789998?mt=12,http://itunes.apple.com/us/app/twitter/id409789998?mt=12
32,1265651541542711296,en,"RT @dayus4heaven: HTML4  Cheat Sheet for your use.
#WebDev #BigData #Analytics #DataScience #CyberSecurity #IoT #IIoT #PyTorch #Python #RSt…",1190726565073522694,LlnuxBot,LinuxBot,256851,25,https://techdox.nz,https://techdox.nz
33,1265651482080292866,en,"RT @dayus4heaven: Ember.js Cheat Sheet for your use.
#WebDev #BigData #Analytics #DataScience #CyberSecurity #IoT #IIoT #PyTorch #Python #R…",1174982905728249856,CoDailychalleng,Coding DailyChallenge,9803,50,https://donow.in,https://donow.in
34,1265651377314947077,en,"RT @dayus4heaven: HTML4  Cheat Sheet for your use.
#WebDev #BigData #Analytics #DataScience #CyberSecurity #IoT #IIoT #PyTorch #Python #RSt…",868084744763965443,iotworlds,IoT Worlds,40008,25,https://mobile.twitter.com,https://mobile.twitter.com
35,1265651014121721856,en,"RT @FARHAN_RABBANI: Keyboard shortcuts 

#Robots #Robotics #AI #BigData #Analytics #DataScience #rstats #IoT #TensorFlow #javascript #react…",1204128767251230720,codedailybot,#100daysOfCode,352714,36,https://twitter.com/codedailybot,https://twitter.com/codedailybot
36,1265650798710542336,en,"RT @FARHAN_RABBANI: Keyboard shortcuts 

#Robots #Robotics #AI #BigData #Analytics #DataScience #rstats #IoT #TensorFlow #javascript #react…",1242050244285624320,ndroid_techk,Ndroid Technology,4131,36,http://ndroid.online,http://ndroid.online
37,1265650604598312960,en,"RT @KirkDBorne: Comparison of #DeepLearning Frameworks — #PyTorch vs. #TensorFlow: https://t.co/D0WmDr5YOK by @meheller  
—————
#BigData #D…",145160621,pacehrb,Hanmant Bongane,20319,46,http://twitter.com/download/iphone,http://twitter.com/download/iphone
38,1265649857039122433,en,RT @patri_vaquero_: 🔬 Hands-On-Neural-Networks-with #TensorFlow-2.0. #BigData #Analytics #DataScience #AI #MachineLearning #IoT #IIoT #PyTo…,1141410142937911296,patri_vaquero_,# Patricia #,8377,12,http://twitter.com/download/android,http://twitter.com/download/android
39,1265649633193349121,en,"RT @Suraphel_Diriba: Learn JavaScript in simple way
subscribe
https://t.co/AqxK6qra48
#WebDev #BigData #Analytics
#DataScience #CyberSecuri…",843418973601456129,sysadmins,SysAdmins Tutorials,3694,17,https://sysadmins.co.za/?utm_source=twitter&utm_medium=bot&utm_campaign=sysadmins_twitter_bot,https://sysadmins.co.za/?utm_source=twitter&utm_medium=bot&utm_campaign=sysadmins_twitter_bot
40,1265649558974947328,en,"RT @Suraphel_Diriba: Learn JavaScript in simple way
subscribe
https://t.co/AqxK6qra48
#WebDev #BigData #Analytics
#DataScience #CyberSecuri…",842956176958476289,CoderNotesBot,CodersNotes,580935,17,https://100daysofcode.com,https://100daysofcode.com
41,1265649364967534592,en,"RT @Suraphel_Diriba: Learn JavaScript in simple way
subscribe
https://t.co/AqxK6qra48
#WebDev #BigData #Analytics
#DataScience #CyberSecuri…",812555214024740865,_reactdev,React Developer,188042,17,https://rishabhmishra.me/,https://rishabhmishra.me/
42,1265649364887834625,en,"RT @Suraphel_Diriba: Learn JavaScript in simple way
subscribe
https://t.co/AqxK6qra48
#WebDev #BigData #Analytics
#DataScience #CyberSecuri…",812555214024740865,_reactdev,React Developer,188042,17,https://rishabhmishra.me/,https://rishabhmishra.me/
43,1265649364875325442,en,"RT @Suraphel_Diriba: Learn JavaScript in simple way
subscribe
https://t.co/AqxK6qra48
#WebDev #BigData #Analytics
#DataScience #CyberSecuri…",812555214024740865,_reactdev,React Developer,188042,17,https://rishabhmishra.me/,https://rishabhmishra.me/
44,1265649343463292931,en,"RT @Suraphel_Diriba: Learn JavaScript in simple way
subscribe
https://t.co/AqxK6qra48
#WebDev #BigData #Analytics
#DataScience #CyberSecuri…",310897418,AaronCuddeback,Aaron Cuddeback,849760,17,http://aaroncuddeback.com,http://aaroncuddeback.com
45,1265649340422459392,en,"RT @Suraphel_Diriba: Learn JavaScript in simple way
subscribe
https://t.co/AqxK6qra48
#WebDev #BigData #Analytics
#DataScience #CyberSecuri…",1152052858721918977,LinuxDreams,LinuxDreams,123439,17,https://avcourt.github.io/tiny-cluster,https://avcourt.github.io/tiny-cluster
46,1265649124663230471,en,"RT @Suraphel_Diriba: Learn JavaScript in simple way
subscribe
https://t.co/AqxK6qra48
#WebDev #BigData #Analytics
#DataScience #CyberSecuri…",1135036162790383616,i_use_linux,Linux_is_Love,2491,17,https://gr-twitterbot.net,https://gr-twitterbot.net
47,1265649098755055617,en,"RT @Suraphel_Diriba: Learn JavaScript in simple way
subscribe
https://t.co/AqxK6qra48
#WebDev #BigData #Analytics
#DataScience #CyberSecuri…",767675409336897536,NVSData,Mr Data Scientist,105863,17,https://twitter.com/NVSData,https://twitter.com/NVSData
48,1265648723855413248,en,"RT @Suraphel_Diriba: Learn JavaScript in simple way
subscribe
https://t.co/AqxK6qra48
#WebDev #BigData #Analytics
#DataScience #CyberSecuri…",1190726565073522694,LlnuxBot,LinuxBot,256851,17,https://techdox.nz,https://techdox.nz
49,1265648678968201217,en,"RT @Suraphel_Diriba: Learn JavaScript in simple way
subscribe
https://t.co/AqxK6qra48
#WebDev #BigData #Analytics
#DataScience #CyberSecuri…",1127829883013361665,xaelbot,xael bot,414223,17,https://yathinbabu.github.io,https://yathinbabu.github.io
50,1265648662274887684,en,"RT @Suraphel_Diriba: Learn JavaScript in simple way
subscribe
https://t.co/AqxK6qra48
#WebDev #BigData #Analytics
#DataScience #CyberSecuri…",1229091405152256001,redianbot,Ready Dev,111873,17,https://go-shopal.herokuapp.com,https://go-shopal.herokuapp.com
51,1265648651281596417,en,"RT @Suraphel_Diriba: Learn JavaScript in simple way
subscribe
https://t.co/AqxK6qra48
#WebDev #BigData #Analytics
#DataScience #CyberSecuri…",1182866592138350592,theInfernobot,Inferno,9154,17,https://google.com,https://google.com
52,1265648624064757762,en,"RT @Suraphel_Diriba: Learn JavaScript in simple way
subscribe
https://t.co/AqxK6qra48
#WebDev #BigData #Analytics
#DataScience #CyberSecuri…",3100865684,silentvoice976,Akarsh,1009,17,https://www.akarshvs.xyz,https://www.akarshvs.xyz
53,1265648621200060417,en,"RT @Suraphel_Diriba: Learn JavaScript in simple way
subscribe
https://t.co/AqxK6qra48
#WebDev #BigData #Analytics
#DataScience #CyberSecuri…",744776302591303680,_100DaysOfCode,100daysofCode,120520,17,http://www.freecodecamo.com,http://www.freecodecamo.com
54,1265648613687951360,en,"RT @Suraphel_Diriba: Learn JavaScript in simple way
subscribe
https://t.co/AqxK6qra48
#WebDev #BigData #Analytics
#DataScience #CyberSecuri…",1134668128489656320,ShyBOT7,Shy BOT,43068,17,https://digitalinspiration.com,https://digitalinspiration.com
55,1265648509941841923,en,"Learn JavaScript in simple way
subscribe
https://t.co/AqxK6qra48
#WebDev #BigData #Analytics
#DataScience… https://t.co/jEKdtSxdqV",845635834510479361,Suraphel_Diriba,Suraphel Diriba,1327,17,https://mobile.twitter.com,https://mobile.twitter.com
56,1265648490811711489,en,RT @dom_beaini: 1/2 Me and my colleague @jd_horwood will be presenting some of the #MachineLearning #research done at @invivo_ai and @MILAM…,844641768129875969,dom_beaini,Dominique Beaini,126,5,http://twitter.com/download/android,http://twitter.com/download/android
57,1265647760478482432,en,"RT @KirkDBorne: Comparison of #DeepLearning Frameworks — #PyTorch vs. #TensorFlow: https://t.co/D0WmDr5YOK by @meheller  
—————
#BigData #D…",1244079407192584192,BlakenickPython,blakenick.python,816,46,https://www.freecodecamp.org/blake.nickens,https://www.freecodecamp.org/blake.nickens
58,1265647541338755072,en,"RT @aeromobix: Automateddriving  #india
#Security!
#Memes #math #science #engineering #cybersecurity #artificialintelligence #technology #m…",1182866592138350592,theInfernobot,Inferno,9154,21,https://google.com,https://google.com
59,1265647516659392514,en,"RT @aeromobix: Automateddriving  #india
#Security!
#Memes #math #science #engineering #cybersecurity #artificialintelligence #technology #m…",885513434569355265,Taieb_Bot,JSBot,446657,21,https://github.com/AlFalahTaieb,https://github.com/AlFalahTaieb
60,1265647503791226881,en,"RT @aeromobix: Automateddriving  #india
#Security!
#Memes #math #science #engineering #cybersecurity #artificialintelligence #technology #m…",1127829883013361665,xaelbot,xael bot,414223,21,https://yathinbabu.github.io,https://yathinbabu.github.io
61,1265647486930235398,en,"RT @aeromobix: Automateddriving  #india
#Security!
#Memes #math #science #engineering #cybersecurity #artificialintelligence #technology #m…",1229091405152256001,redianbot,Ready Dev,111873,21,https://go-shopal.herokuapp.com,https://go-shopal.herokuapp.com
62,1265647470878457858,en,"RT @aeromobix: Automateddriving  #india
#Security!
#Memes #math #science #engineering #cybersecurity #artificialintelligence #technology #m…",1190726565073522694,LlnuxBot,LinuxBot,256851,21,https://techdox.nz,https://techdox.nz
63,1265647425982775296,en,"RT @aeromobix: Automateddriving  #india
#Security!
#Memes #math #science #engineering #cybersecurity #artificialintelligence #technology #m…",878581678121172992,aeromobix,Aeromobix Systems Pvt ltd,11372,21,https://mobile.twitter.com,https://mobile.twitter.com
64,1265646344603082754,en,"RT @dayus4heaven: Ember.js Cheat Sheet for your use.
#WebDev #BigData #Analytics #DataScience #CyberSecurity #IoT #IIoT #PyTorch #Python #R…",845635834510479361,Suraphel_Diriba,Suraphel Diriba,1327,50,https://mobile.twitter.com,https://mobile.twitter.com
65,1265646243960827904,en,"RT @dayus4heaven: Ember.js Cheat Sheet for your use.
#WebDev #BigData #Analytics #DataScience #CyberSecurity #IoT #IIoT #PyTorch #Python #R…",1127829883013361665,xaelbot,xael bot,414223,50,https://yathinbabu.github.io,https://yathinbabu.github.io
66,1265646227317821446,en,"RT @dayus4heaven: Ember.js Cheat Sheet for your use.
#WebDev #BigData #Analytics #DataScience #CyberSecurity #IoT #IIoT #PyTorch #Python #R…",1229091405152256001,redianbot,Ready Dev,111873,50,https://go-shopal.herokuapp.com,https://go-shopal.herokuapp.com
67,1265646179871862784,en,"RT @dayus4heaven: Ember.js Cheat Sheet for your use.
#WebDev #BigData #Analytics #DataScience #CyberSecurity #IoT #IIoT #PyTorch #Python #R…",1260062769543434240,nlognbot,nlognbot,28780,50,https://nlogn.in,https://nlogn.in
68,1265646170111479808,en,"RT @dayus4heaven: Ember.js Cheat Sheet for your use.
#WebDev #BigData #Analytics #DataScience #CyberSecurity #IoT #IIoT #PyTorch #Python #R…",1261355507203203072,LearnWithHarry,Harry,7533,50,https://notarealwebsite.nope,https://notarealwebsite.nope
69,1265645772508327937,en,RT @gp_pulipaka: Top Ten Cybersecurity Books. #BigData #Analytics #DataScience #CyberSecurity #IoT #IIoT #PyTorch #Python #RStats #TensorFl…,1242050244285624320,ndroid_techk,Ndroid Technology,4131,80,http://ndroid.online,http://ndroid.online
70,1265645479519346695,en,RT @gp_pulipaka: 18 Best PyTorch Books of All Time. #BigData #Analytics #DataScience #IoT #IIoT #PyTorch #Python #RStats #TensorFlow #Java…,1261355507203203072,LearnWithHarry,Harry,7533,69,https://notarealwebsite.nope,https://notarealwebsite.nope
71,1265644712506998785,en,RT @gp_pulipaka: 18 Best PyTorch Books of All Time. #BigData #Analytics #DataScience #IoT #IIoT #PyTorch #Python #RStats #TensorFlow #Java…,1242050244285624320,ndroid_techk,Ndroid Technology,4131,69,http://ndroid.online,http://ndroid.online
72,1265644603513995264,en,"RT @PinakiLaskar: The Boy is a,
1. Programmer
2. Engineer
3. Coder
What is your opinion.

#Robotics #machinelearning #Python #Java #Javascr…",1143528514550927361,femtech_,FemTech_🖥👩🏽‍💻,561013,54,https://rike.dev,https://rike.dev
73,1265644542255984640,en,"RT @PinakiLaskar: The Boy is a,
1. Programmer
2. Engineer
3. Coder
What is your opinion.

#Robotics #machinelearning #Python #Java #Javascr…",1242050244285624320,ndroid_techk,Ndroid Technology,4131,54,http://ndroid.online,http://ndroid.online
74,1265644006513541121,en,"RT @FARHAN_RABBANI: Keyboard shortcuts 

#Robots #Robotics #AI #BigData #Analytics #DataScience #rstats #IoT #TensorFlow #javascript #react…",108248850,epuujee,Purevdorj Enkhjargal,6477,36,https://twitter.com/epuujee,https://twitter.com/epuujee
75,1265643927018733570,en,"RT @dayus4heaven: Build a simple Neural Network in 9 lines of #Python #code
https://t.co/9is51fHFvR
#WebDev #BigData #Analytics #DataScienc…",1027458519430131712,DanWils42696605,Dan Wilson,38132,65,https://about.twitter.com/products/tweetdeck,https://about.twitter.com/products/tweetdeck
76,1265643923487305728,en,"RT @FARHAN_RABBANI: Keyboard shortcuts 

#Robots #Robotics #AI #BigData #Analytics #DataScience #rstats #IoT #TensorFlow #javascript #react…",1174982905728249856,CoDailychalleng,Coding DailyChallenge,9803,36,https://donow.in,https://donow.in
77,1265643857640714251,en,"RT @dayus4heaven: Build a simple Neural Network in 9 lines of #Python #code
https://t.co/9is51fHFvR
#WebDev #BigData #Analytics #DataScienc…",1261355507203203072,LearnWithHarry,Harry,7533,65,https://notarealwebsite.nope,https://notarealwebsite.nope
78,1265643610344525825,en,RT @Deep_In_Depth: How to Build a Successful Data Science Workflow https://t.co/9Awh7P4QDN #DL #AI #ML #DeepLearning #NeuralNetworks  #Arti…,1261355507203203072,LearnWithHarry,Harry,7533,18,https://notarealwebsite.nope,https://notarealwebsite.nope
79,1265642589471961091,en,"RT @dayus4heaven: Build a simple Neural Network in 9 lines of #Python #code
https://t.co/9is51fHFvR
#WebDev #BigData #Analytics #DataScienc…",1242050244285624320,ndroid_techk,Ndroid Technology,4131,65,http://ndroid.online,http://ndroid.online
80,1265642272340623360,en,"RT @FARHAN_RABBANI: Keyboard shortcuts 

#Robots #Robotics #AI #BigData #Analytics #DataScience #rstats #IoT #TensorFlow #javascript #react…",1190726565073522694,LlnuxBot,LinuxBot,256851,36,https://techdox.nz,https://techdox.nz
81,1265642036650217472,en,"RT @FARHAN_RABBANI: Keyboard shortcuts 

#Robots #Robotics #AI #BigData #Analytics #DataScience #rstats #IoT #TensorFlow #javascript #react…",930871517860319232,thomashilbig2,Thomas Hilbig 2.0,84051,36,https://www.thomashilbig.com/,https://www.thomashilbig.com/
82,1265638909947437059,en,"RT @dayus4heaven: Ember.js Cheat Sheet for your use.
#WebDev #BigData #Analytics #DataScience #CyberSecurity #IoT #IIoT #PyTorch #Python #R…",1190726565073522694,LlnuxBot,LinuxBot,256851,50,https://techdox.nz,https://techdox.nz
83,1265638902154616832,en,"RT @dayus4heaven: Ember.js Cheat Sheet for your use.
#WebDev #BigData #Analytics #DataScience #CyberSecurity #IoT #IIoT #PyTorch #Python #R…",885513434569355265,Taieb_Bot,JSBot,446657,50,https://github.com/AlFalahTaieb,https://github.com/AlFalahTaieb
84,1265638889831661572,en,"RT @dayus4heaven: Ember.js Cheat Sheet for your use.
#WebDev #BigData #Analytics #DataScience #CyberSecurity #IoT #IIoT #PyTorch #Python #R…",955709459065659392,WebSecurityIT,WebSecurityIT,259348,50,https://yourxss.pro/,https://yourxss.pro/
85,1265638883779207169,en,"RT @dayus4heaven: Ember.js Cheat Sheet for your use.
#WebDev #BigData #Analytics #DataScience #CyberSecurity #IoT #IIoT #PyTorch #Python #R…",1242050244285624320,ndroid_techk,Ndroid Technology,4131,50,http://ndroid.online,http://ndroid.online
86,1265637847907868679,en,"RT @PratikNilange: Me explaining client how to use the program!🤣
#WebDev #BigData #Analytics #DataScience #CyberSecurity #IoT #IIoT #PyTorc…",1127829883013361665,xaelbot,xael bot,414223,948,https://yathinbabu.github.io,https://yathinbabu.github.io
87,1265637843243859969,en,"RT @PratikNilange: Me explaining client how to use the program!🤣
#WebDev #BigData #Analytics #DataScience #CyberSecurity #IoT #IIoT #PyTorc…",1182866592138350592,theInfernobot,Inferno,9154,948,https://google.com,https://google.com
88,1265637791850917888,en,"RT @PratikNilange: Me explaining client how to use the program!🤣
#WebDev #BigData #Analytics #DataScience #CyberSecurity #IoT #IIoT #PyTorc…",806050234098860032,sumargoraymond,Remona,4325,948,https://mobile.twitter.com,https://mobile.twitter.com
89,1265632218203873281,en,"RT @dayus4heaven: Ember.js Cheat Sheet for your use.
#WebDev #BigData #Analytics #DataScience #CyberSecurity #IoT #IIoT #PyTorch #Python #R…",50889806,yellowstonemike,Michael P Adams,98709,50,http://twitter.com/download/iphone,http://twitter.com/download/iphone
90,1265630900907175942,en,"RT @dayus4heaven: Build a simple Neural Network in 9 lines of #Python #code
https://t.co/9is51fHFvR
#WebDev #BigData #Analytics #DataScienc…",1190726565073522694,LlnuxBot,LinuxBot,256851,65,https://techdox.nz,https://techdox.nz
91,1265630715799986176,en,"RT @dayus4heaven: Build a simple Neural Network in 9 lines of #Python #code
https://t.co/9is51fHFvR
#WebDev #BigData #Analytics #DataScienc…",50889806,yellowstonemike,Michael P Adams,98709,65,http://twitter.com/download/iphone,http://twitter.com/download/iphone
92,1265629792952410112,en,"RT @PinakiLaskar: The Boy is a,
1. Programmer
2. Engineer
3. Coder
What is your opinion.

#Robotics #machinelearning #Python #Java #Javascr…",50889806,yellowstonemike,Michael P Adams,98709,54,http://twitter.com/download/iphone,http://twitter.com/download/iphone
93,1265629595832705026,en,RT @gp_pulipaka: 18 Best PyTorch Books of All Time. #BigData #Analytics #DataScience #IoT #IIoT #PyTorch #Python #RStats #TensorFlow #Java…,1190726565073522694,LlnuxBot,LinuxBot,256851,69,https://techdox.nz,https://techdox.nz
94,1265629547812335617,en,RT @gp_pulipaka: 18 Best PyTorch Books of All Time. #BigData #Analytics #DataScience #IoT #IIoT #PyTorch #Python #RStats #TensorFlow #Java…,986033459134107655,dllarad,David Lara,346,69,https://mobile.twitter.com,https://mobile.twitter.com
95,1265629347408420864,en,RT @gp_pulipaka: Top Ten Cybersecurity Books. #BigData #Analytics #DataScience #CyberSecurity #IoT #IIoT #PyTorch #Python #RStats #TensorFl…,986033459134107655,dllarad,David Lara,346,80,https://mobile.twitter.com,https://mobile.twitter.com
96,1265625637349359616,en,"RT @sjmielke: You've seen JAX differentiate numpy one-liners, and it looked cool, but... how does one build actual neural net models like w…",3524520857,PiotrZelasko,Piotr Żelasko,665,288,https://mobile.twitter.com,https://mobile.twitter.com
97,1265622833960345601,en,RT @keunwoochoi: It seems clear to me that Tensorflow developers are not deeply understanding why researchers struggle with their product.…,8514822,4sim,asim kadav,799,12,http://twitter.com/download/iphone,http://twitter.com/download/iphone
0,1265667254873739264,en,RT @patri_vaquero_: 🔬 Colab Pro: Is it Worth the Money? #BigData #Analytics #DataScience #AI #MachineLearning #IoT #PyTorch #Python #RStats…,1264897037742505985,_awesomecoder,Awesome Coder,33,13,https://dephraiim.github.io,https://dephraiim.github.io
1,1265667246837424129,en,RT @patri_vaquero_: 🔬 Colab Pro: Is it Worth the Money? #BigData #Analytics #DataScience #AI #MachineLearning #IoT #PyTorch #Python #RStats…,955039188264603648,CloudCoopItaly,CloudCoop ☁️,14975,13,http://www.cloudcoop.it,http://www.cloudcoop.it
2,1265667132043309057,en,RT @patri_vaquero_: 🔬 Colab Pro: Is it Worth the Money? #BigData #Analytics #DataScience #AI #MachineLearning #IoT #PyTorch #Python #RStats…,1242050244285624320,ndroid_techk,Ndroid Technology,4131,13,http://ndroid.online,http://ndroid.online
3,1265665079321587712,en,RT @patri_vaquero_: 🔬 Awesome Cheat Sheets for Popular #Programming Languages.. #BigData #Analytics #DataScience #CPP #IoT #IIoT #PyTorch #…,1190726565073522694,LlnuxBot,LinuxBot,256851,85,https://techdox.nz,https://techdox.nz
4,1265665055368118276,en,RT @patri_vaquero_: 🔬 Awesome Cheat Sheets for Popular #Programming Languages.. #BigData #Analytics #DataScience #CPP #IoT #IIoT #PyTorch #…,1260062769543434240,nlognbot,nlognbot,28780,85,https://nlogn.in,https://nlogn.in
5,1265665052025200644,en,RT @patri_vaquero_: 🔬 Awesome Cheat Sheets for Popular #Programming Languages.. #BigData #Analytics #DataScience #CPP #IoT #IIoT #PyTorch #…,1127829883013361665,xaelbot,xael bot,414223,85,https://yathinbabu.github.io,https://yathinbabu.github.io
6,1265665048648826880,en,RT @patri_vaquero_: 🔬 Awesome Cheat Sheets for Popular #Programming Languages.. #BigData #Analytics #DataScience #CPP #IoT #IIoT #PyTorch #…,1182866592138350592,theInfernobot,Inferno,9154,85,https://google.com,https://google.com
7,1265665047591821312,en,RT @patri_vaquero_: 🔬 Awesome Cheat Sheets for Popular #Programming Languages.. #BigData #Analytics #DataScience #CPP #IoT #IIoT #PyTorch #…,885513434569355265,Taieb_Bot,JSBot,446657,85,https://github.com/AlFalahTaieb,https://github.com/AlFalahTaieb
8,1265665036200140801,en,RT @patri_vaquero_: 🔬 Awesome Cheat Sheets for Popular #Programming Languages.. #BigData #Analytics #DataScience #CPP #IoT #IIoT #PyTorch #…,1229091405152256001,redianbot,Ready Dev,111873,85,https://go-shopal.herokuapp.com,https://go-shopal.herokuapp.com
9,1265664987986526216,en,RT @patri_vaquero_: 🔬 Awesome Cheat Sheets for Popular #Programming Languages.. #BigData #Analytics #DataScience #CPP #IoT #IIoT #PyTorch #…,868084744763965443,iotworlds,IoT Worlds,40008,85,https://mobile.twitter.com,https://mobile.twitter.com
10,1265664048647024640,en,RT @gp_pulipaka: Autopredict Coding Tools. #BigData #Analytics #DataScience #AI #MachineLearning #IoT #IIoT #PyTorch #Python #RStats #Tenso…,1260062769543434240,nlognbot,nlognbot,28780,44,https://nlogn.in,https://nlogn.in
11,1265664048076664834,en,RT @gp_pulipaka: Autopredict Coding Tools. #BigData #Analytics #DataScience #AI #MachineLearning #IoT #IIoT #PyTorch #Python #RStats #Tenso…,2358562603,andrewmorrisuk,Andrew Morris,394425,44,http://andrewmmorris.com/,http://andrewmmorris.com/
12,1265664040115855360,en,RT @gp_pulipaka: Autopredict Coding Tools. #BigData #Analytics #DataScience #AI #MachineLearning #IoT #IIoT #PyTorch #Python #RStats #Tenso…,1185239168768761856,CursedWaste,cursed outcast waste,3254,44,http://twitter.com/download/android,http://twitter.com/download/android
13,1265663681293139969,en,RT @patri_vaquero_: 🔬 Colab Pro: Is it Worth the Money? #BigData #Analytics #DataScience #AI #MachineLearning #IoT #PyTorch #Python #RStats…,1134668128489656320,ShyBOT7,Shy BOT,43068,13,https://digitalinspiration.com,https://digitalinspiration.com
14,1265663503874039809,en,RT @gp_pulipaka: Autopredict Coding Tools. #BigData #Analytics #DataScience #AI #MachineLearning #IoT #IIoT #PyTorch #Python #RStats #Tenso…,210555477,v_braun,Viktor Braun,5994,44,https://viktor-braun.de/,https://viktor-braun.de/
15,1265663250726871040,en,RT @gp_pulipaka: Autopredict Coding Tools. #BigData #Analytics #DataScience #AI #MachineLearning #IoT #IIoT #PyTorch #Python #RStats #Tenso…,832172817978376196,Bomoimajid,Bomoi Abdulmajid,16423,44,http://twitter.com/download/android,http://twitter.com/download/android
16,1265662794134945792,en,"RT @dayus4heaven: Python Essential Cheat Sheet for your use.
#WebDev #BigData #Analytics #DataScience #CyberSecurity #IoT #IIoT #PyTorch #P…",868084744763965443,iotworlds,IoT Worlds,40008,57,https://mobile.twitter.com,https://mobile.twitter.com
17,1265659849284579328,en,RT @patri_vaquero_: 🔬 Colab Pro: Is it Worth the Money? #BigData #Analytics #DataScience #AI #MachineLearning #IoT #PyTorch #Python #RStats…,737142202481016832,chidambara09,Chidambara .ML.,1020413,13,https://mobile.twitter.com,https://mobile.twitter.com
18,1265659153483206658,en,RT @patri_vaquero_: 🔬 Colab Pro: Is it Worth the Money? #BigData #Analytics #DataScience #AI #MachineLearning #IoT #PyTorch #Python #RStats…,885513434569355265,Taieb_Bot,JSBot,446657,13,https://github.com/AlFalahTaieb,https://github.com/AlFalahTaieb
19,1265659145904107520,en,RT @patri_vaquero_: 🔬 Colab Pro: Is it Worth the Money? #BigData #Analytics #DataScience #AI #MachineLearning #IoT #PyTorch #Python #RStats…,1182866592138350592,theInfernobot,Inferno,9154,13,https://google.com,https://google.com
20,1265659100404342784,en,RT @patri_vaquero_: 🔬 Colab Pro: Is it Worth the Money? #BigData #Analytics #DataScience #AI #MachineLearning #IoT #PyTorch #Python #RStats…,1018459979047624710,JSNewsBot,JS News,145751,13,https://jsnewsbot.herokuapp.com,https://jsnewsbot.herokuapp.com
21,1265658582550237184,en,RT @patri_vaquero_: 🔬 Colab Pro: Is it Worth the Money? #BigData #Analytics #DataScience #AI #MachineLearning #IoT #PyTorch #Python #RStats…,1190726565073522694,LlnuxBot,LinuxBot,256851,13,https://techdox.nz,https://techdox.nz
22,1265658564292550658,en,RT @patri_vaquero_: 🔬 Colab Pro: Is it Worth the Money? #BigData #Analytics #DataScience #AI #MachineLearning #IoT #PyTorch #Python #RStats…,1204128767251230720,codedailybot,#100daysOfCode,352714,13,https://twitter.com/codedailybot,https://twitter.com/codedailybot
23,1265658564284219393,en,RT @patri_vaquero_: 🔬 Colab Pro: Is it Worth the Money? #BigData #Analytics #DataScience #AI #MachineLearning #IoT #PyTorch #Python #RStats…,1204128767251230720,codedailybot,#100daysOfCode,352714,13,https://twitter.com/codedailybot,https://twitter.com/codedailybot
24,1265658482017042432,en,RT @patri_vaquero_: 🔬 Colab Pro: Is it Worth the Money? #BigData #Analytics #DataScience #AI #MachineLearning #IoT #PyTorch #Python #RStats…,971620109197312000,ServerlessFan,Serverless Fan,221904,13,http://localhost.com,http://localhost.com
25,1265658459401453568,en,🔬 Colab Pro: Is it Worth the Money? #BigData #Analytics #DataScience #AI #MachineLearning #IoT #PyTorch #Python… https://t.co/cPuYlemoXk,1141410142937911296,patri_vaquero_,# Patricia #,8377,13,http://twitter.com/download/android,http://twitter.com/download/android
26,1265653616326696961,en,"RT @PinakiLaskar: #Programmer directory!

#AI #Analytics #DataScience #rstats #IoT #TensorFlow #javascript #reactjs #Cloud #Serverless #Nod…",1229091405152256001,redianbot,Ready Dev,111873,87,https://go-shopal.herokuapp.com,https://go-shopal.herokuapp.com
27,1265653604330995713,en,"RT @PinakiLaskar: #Programmer directory!

#AI #Analytics #DataScience #rstats #IoT #TensorFlow #javascript #reactjs #Cloud #Serverless #Nod…",1260062769543434240,nlognbot,nlognbot,28780,87,https://nlogn.in,https://nlogn.in
28,1265653586773622789,en,"RT @PinakiLaskar: #Programmer directory!

#AI #Analytics #DataScience #rstats #IoT #TensorFlow #javascript #reactjs #Cloud #Serverless #Nod…",1182866592138350592,theInfernobot,Inferno,9154,87,https://google.com,https://google.com
29,1265653561544839168,en,"RT @PinakiLaskar: #Programmer directory!

#AI #Analytics #DataScience #rstats #IoT #TensorFlow #javascript #reactjs #Cloud #Serverless #Nod…",885513434569355265,Taieb_Bot,JSBot,446657,87,https://github.com/AlFalahTaieb,https://github.com/AlFalahTaieb
30,1265653548823560192,en,"RT @PinakiLaskar: #Programmer directory!

#AI #Analytics #DataScience #rstats #IoT #TensorFlow #javascript #reactjs #Cloud #Serverless #Nod…",1127829883013361665,xaelbot,xael bot,414223,87,https://yathinbabu.github.io,https://yathinbabu.github.io
31,1265653536131624962,en,"RT @PinakiLaskar: #Programmer directory!

#AI #Analytics #DataScience #rstats #IoT #TensorFlow #javascript #reactjs #Cloud #Serverless #Nod…",108944992,a1akhai,Andrea Castelli,889,87,http://itunes.apple.com/us/app/twitter/id409789998?mt=12,http://itunes.apple.com/us/app/twitter/id409789998?mt=12
32,1265651541542711296,en,"RT @dayus4heaven: HTML4  Cheat Sheet for your use.
#WebDev #BigData #Analytics #DataScience #CyberSecurity #IoT #IIoT #PyTorch #Python #RSt…",1190726565073522694,LlnuxBot,LinuxBot,256851,25,https://techdox.nz,https://techdox.nz
33,1265651482080292866,en,"RT @dayus4heaven: Ember.js Cheat Sheet for your use.
#WebDev #BigData #Analytics #DataScience #CyberSecurity #IoT #IIoT #PyTorch #Python #R…",1174982905728249856,CoDailychalleng,Coding DailyChallenge,9803,50,https://donow.in,https://donow.in
34,1265651377314947077,en,"RT @dayus4heaven: HTML4  Cheat Sheet for your use.
#WebDev #BigData #Analytics #DataScience #CyberSecurity #IoT #IIoT #PyTorch #Python #RSt…",868084744763965443,iotworlds,IoT Worlds,40008,25,https://mobile.twitter.com,https://mobile.twitter.com
35,1265651014121721856,en,"RT @FARHAN_RABBANI: Keyboard shortcuts 

#Robots #Robotics #AI #BigData #Analytics #DataScience #rstats #IoT #TensorFlow #javascript #react…",1204128767251230720,codedailybot,#100daysOfCode,352714,36,https://twitter.com/codedailybot,https://twitter.com/codedailybot
36,1265650798710542336,en,"RT @FARHAN_RABBANI: Keyboard shortcuts 

#Robots #Robotics #AI #BigData #Analytics #DataScience #rstats #IoT #TensorFlow #javascript #react…",1242050244285624320,ndroid_techk,Ndroid Technology,4131,36,http://ndroid.online,http://ndroid.online
37,1265650604598312960,en,"RT @KirkDBorne: Comparison of #DeepLearning Frameworks — #PyTorch vs. #TensorFlow: https://t.co/D0WmDr5YOK by @meheller  
—————
#BigData #D…",145160621,pacehrb,Hanmant Bongane,20319,46,http://twitter.com/download/iphone,http://twitter.com/download/iphone
38,1265649857039122433,en,RT @patri_vaquero_: 🔬 Hands-On-Neural-Networks-with #TensorFlow-2.0. #BigData #Analytics #DataScience #AI #MachineLearning #IoT #IIoT #PyTo…,1141410142937911296,patri_vaquero_,# Patricia #,8377,12,http://twitter.com/download/android,http://twitter.com/download/android
39,1265649633193349121,en,"RT @Suraphel_Diriba: Learn JavaScript in simple way
subscribe
https://t.co/AqxK6qra48
#WebDev #BigData #Analytics
#DataScience #CyberSecuri…",843418973601456129,sysadmins,SysAdmins Tutorials,3694,17,https://sysadmins.co.za/?utm_source=twitter&utm_medium=bot&utm_campaign=sysadmins_twitter_bot,https://sysadmins.co.za/?utm_source=twitter&utm_medium=bot&utm_campaign=sysadmins_twitter_bot
40,1265649558974947328,en,"RT @Suraphel_Diriba: Learn JavaScript in simple way
subscribe
https://t.co/AqxK6qra48
#WebDev #BigData #Analytics
#DataScience #CyberSecuri…",842956176958476289,CoderNotesBot,CodersNotes,580935,17,https://100daysofcode.com,https://100daysofcode.com
41,1265649364967534592,en,"RT @Suraphel_Diriba: Learn JavaScript in simple way
subscribe
https://t.co/AqxK6qra48
#WebDev #BigData #Analytics
#DataScience #CyberSecuri…",812555214024740865,_reactdev,React Developer,188042,17,https://rishabhmishra.me/,https://rishabhmishra.me/
42,1265649364887834625,en,"RT @Suraphel_Diriba: Learn JavaScript in simple way
subscribe
https://t.co/AqxK6qra48
#WebDev #BigData #Analytics
#DataScience #CyberSecuri…",812555214024740865,_reactdev,React Developer,188042,17,https://rishabhmishra.me/,https://rishabhmishra.me/
43,1265649364875325442,en,"RT @Suraphel_Diriba: Learn JavaScript in simple way
subscribe
https://t.co/AqxK6qra48
#WebDev #BigData #Analytics
#DataScience #CyberSecuri…",812555214024740865,_reactdev,React Developer,188042,17,https://rishabhmishra.me/,https://rishabhmishra.me/
44,1265649343463292931,en,"RT @Suraphel_Diriba: Learn JavaScript in simple way
subscribe
https://t.co/AqxK6qra48
#WebDev #BigData #Analytics
#DataScience #CyberSecuri…",310897418,AaronCuddeback,Aaron Cuddeback,849760,17,http://aaroncuddeback.com,http://aaroncuddeback.com
45,1265649340422459392,en,"RT @Suraphel_Diriba: Learn JavaScript in simple way
subscribe
https://t.co/AqxK6qra48
#WebDev #BigData #Analytics
#DataScience #CyberSecuri…",1152052858721918977,LinuxDreams,LinuxDreams,123439,17,https://avcourt.github.io/tiny-cluster,https://avcourt.github.io/tiny-cluster
46,1265649124663230471,en,"RT @Suraphel_Diriba: Learn JavaScript in simple way
subscribe
https://t.co/AqxK6qra48
#WebDev #BigData #Analytics
#DataScience #CyberSecuri…",1135036162790383616,i_use_linux,Linux_is_Love,2491,17,https://gr-twitterbot.net,https://gr-twitterbot.net
47,1265649098755055617,en,"RT @Suraphel_Diriba: Learn JavaScript in simple way
subscribe
https://t.co/AqxK6qra48
#WebDev #BigData #Analytics
#DataScience #CyberSecuri…",767675409336897536,NVSData,Mr Data Scientist,105863,17,https://twitter.com/NVSData,https://twitter.com/NVSData
48,1265648723855413248,en,"RT @Suraphel_Diriba: Learn JavaScript in simple way
subscribe
https://t.co/AqxK6qra48
#WebDev #BigData #Analytics
#DataScience #CyberSecuri…",1190726565073522694,LlnuxBot,LinuxBot,256851,17,https://techdox.nz,https://techdox.nz
49,1265648678968201217,en,"RT @Suraphel_Diriba: Learn JavaScript in simple way
subscribe
https://t.co/AqxK6qra48
#WebDev #BigData #Analytics
#DataScience #CyberSecuri…",1127829883013361665,xaelbot,xael bot,414223,17,https://yathinbabu.github.io,https://yathinbabu.github.io
50,1265648662274887684,en,"RT @Suraphel_Diriba: Learn JavaScript in simple way
subscribe
https://t.co/AqxK6qra48
#WebDev #BigData #Analytics
#DataScience #CyberSecuri…",1229091405152256001,redianbot,Ready Dev,111873,17,https://go-shopal.herokuapp.com,https://go-shopal.herokuapp.com
51,1265648651281596417,en,"RT @Suraphel_Diriba: Learn JavaScript in simple way
subscribe
https://t.co/AqxK6qra48
#WebDev #BigData #Analytics
#DataScience #CyberSecuri…",1182866592138350592,theInfernobot,Inferno,9154,17,https://google.com,https://google.com
52,1265648624064757762,en,"RT @Suraphel_Diriba: Learn JavaScript in simple way
subscribe
https://t.co/AqxK6qra48
#WebDev #BigData #Analytics
#DataScience #CyberSecuri…",3100865684,silentvoice976,Akarsh,1009,17,https://www.akarshvs.xyz,https://www.akarshvs.xyz
53,1265648621200060417,en,"RT @Suraphel_Diriba: Learn JavaScript in simple way
subscribe
https://t.co/AqxK6qra48
#WebDev #BigData #Analytics
#DataScience #CyberSecuri…",744776302591303680,_100DaysOfCode,100daysofCode,120520,17,http://www.freecodecamo.com,http://www.freecodecamo.com
54,1265648613687951360,en,"RT @Suraphel_Diriba: Learn JavaScript in simple way
subscribe
https://t.co/AqxK6qra48
#WebDev #BigData #Analytics
#DataScience #CyberSecuri…",1134668128489656320,ShyBOT7,Shy BOT,43068,17,https://digitalinspiration.com,https://digitalinspiration.com
55,1265648509941841923,en,"Learn JavaScript in simple way
subscribe
https://t.co/AqxK6qra48
#WebDev #BigData #Analytics
#DataScience… https://t.co/jEKdtSxdqV",845635834510479361,Suraphel_Diriba,Suraphel Diriba,1327,17,https://mobile.twitter.com,https://mobile.twitter.com
56,1265648490811711489,en,RT @dom_beaini: 1/2 Me and my colleague @jd_horwood will be presenting some of the #MachineLearning #research done at @invivo_ai and @MILAM…,844641768129875969,dom_beaini,Dominique Beaini,126,5,http://twitter.com/download/android,http://twitter.com/download/android
57,1265647760478482432,en,"RT @KirkDBorne: Comparison of #DeepLearning Frameworks — #PyTorch vs. #TensorFlow: https://t.co/D0WmDr5YOK by @meheller  
—————
#BigData #D…",1244079407192584192,BlakenickPython,blakenick.python,816,46,https://www.freecodecamp.org/blake.nickens,https://www.freecodecamp.org/blake.nickens
58,1265647541338755072,en,"RT @aeromobix: Automateddriving  #india
#Security!
#Memes #math #science #engineering #cybersecurity #artificialintelligence #technology #m…",1182866592138350592,theInfernobot,Inferno,9154,21,https://google.com,https://google.com
59,1265647516659392514,en,"RT @aeromobix: Automateddriving  #india
#Security!
#Memes #math #science #engineering #cybersecurity #artificialintelligence #technology #m…",885513434569355265,Taieb_Bot,JSBot,446657,21,https://github.com/AlFalahTaieb,https://github.com/AlFalahTaieb
60,1265647503791226881,en,"RT @aeromobix: Automateddriving  #india
#Security!
#Memes #math #science #engineering #cybersecurity #artificialintelligence #technology #m…",1127829883013361665,xaelbot,xael bot,414223,21,https://yathinbabu.github.io,https://yathinbabu.github.io
61,1265647486930235398,en,"RT @aeromobix: Automateddriving  #india
#Security!
#Memes #math #science #engineering #cybersecurity #artificialintelligence #technology #m…",1229091405152256001,redianbot,Ready Dev,111873,21,https://go-shopal.herokuapp.com,https://go-shopal.herokuapp.com
62,1265647470878457858,en,"RT @aeromobix: Automateddriving  #india
#Security!
#Memes #math #science #engineering #cybersecurity #artificialintelligence #technology #m…",1190726565073522694,LlnuxBot,LinuxBot,256851,21,https://techdox.nz,https://techdox.nz
63,1265647425982775296,en,"RT @aeromobix: Automateddriving  #india
#Security!
#Memes #math #science #engineering #cybersecurity #artificialintelligence #technology #m…",878581678121172992,aeromobix,Aeromobix Systems Pvt ltd,11372,21,https://mobile.twitter.com,https://mobile.twitter.com
64,1265646344603082754,en,"RT @dayus4heaven: Ember.js Cheat Sheet for your use.
#WebDev #BigData #Analytics #DataScience #CyberSecurity #IoT #IIoT #PyTorch #Python #R…",845635834510479361,Suraphel_Diriba,Suraphel Diriba,1327,50,https://mobile.twitter.com,https://mobile.twitter.com
65,1265646243960827904,en,"RT @dayus4heaven: Ember.js Cheat Sheet for your use.
#WebDev #BigData #Analytics #DataScience #CyberSecurity #IoT #IIoT #PyTorch #Python #R…",1127829883013361665,xaelbot,xael bot,414223,50,https://yathinbabu.github.io,https://yathinbabu.github.io
66,1265646227317821446,en,"RT @dayus4heaven: Ember.js Cheat Sheet for your use.
#WebDev #BigData #Analytics #DataScience #CyberSecurity #IoT #IIoT #PyTorch #Python #R…",1229091405152256001,redianbot,Ready Dev,111873,50,https://go-shopal.herokuapp.com,https://go-shopal.herokuapp.com
67,1265646179871862784,en,"RT @dayus4heaven: Ember.js Cheat Sheet for your use.
#WebDev #BigData #Analytics #DataScience #CyberSecurity #IoT #IIoT #PyTorch #Python #R…",1260062769543434240,nlognbot,nlognbot,28780,50,https://nlogn.in,https://nlogn.in
68,1265646170111479808,en,"RT @dayus4heaven: Ember.js Cheat Sheet for your use.
#WebDev #BigData #Analytics #DataScience #CyberSecurity #IoT #IIoT #PyTorch #Python #R…",1261355507203203072,LearnWithHarry,Harry,7533,50,https://notarealwebsite.nope,https://notarealwebsite.nope
69,1265645772508327937,en,RT @gp_pulipaka: Top Ten Cybersecurity Books. #BigData #Analytics #DataScience #CyberSecurity #IoT #IIoT #PyTorch #Python #RStats #TensorFl…,1242050244285624320,ndroid_techk,Ndroid Technology,4131,80,http://ndroid.online,http://ndroid.online
70,1265645479519346695,en,RT @gp_pulipaka: 18 Best PyTorch Books of All Time. #BigData #Analytics #DataScience #IoT #IIoT #PyTorch #Python #RStats #TensorFlow #Java…,1261355507203203072,LearnWithHarry,Harry,7533,69,https://notarealwebsite.nope,https://notarealwebsite.nope
71,1265644712506998785,en,RT @gp_pulipaka: 18 Best PyTorch Books of All Time. #BigData #Analytics #DataScience #IoT #IIoT #PyTorch #Python #RStats #TensorFlow #Java…,1242050244285624320,ndroid_techk,Ndroid Technology,4131,69,http://ndroid.online,http://ndroid.online
72,1265644603513995264,en,"RT @PinakiLaskar: The Boy is a,
1. Programmer
2. Engineer
3. Coder
What is your opinion.

#Robotics #machinelearning #Python #Java #Javascr…",1143528514550927361,femtech_,FemTech_🖥👩🏽‍💻,561013,54,https://rike.dev,https://rike.dev
73,1265644542255984640,en,"RT @PinakiLaskar: The Boy is a,
1. Programmer
2. Engineer
3. Coder
What is your opinion.

#Robotics #machinelearning #Python #Java #Javascr…",1242050244285624320,ndroid_techk,Ndroid Technology,4131,54,http://ndroid.online,http://ndroid.online
74,1265644006513541121,en,"RT @FARHAN_RABBANI: Keyboard shortcuts 

#Robots #Robotics #AI #BigData #Analytics #DataScience #rstats #IoT #TensorFlow #javascript #react…",108248850,epuujee,Purevdorj Enkhjargal,6477,36,https://twitter.com/epuujee,https://twitter.com/epuujee
75,1265643927018733570,en,"RT @dayus4heaven: Build a simple Neural Network in 9 lines of #Python #code
https://t.co/9is51fHFvR
#WebDev #BigData #Analytics #DataScienc…",1027458519430131712,DanWils42696605,Dan Wilson,38132,65,https://about.twitter.com/products/tweetdeck,https://about.twitter.com/products/tweetdeck
76,1265643923487305728,en,"RT @FARHAN_RABBANI: Keyboard shortcuts 

#Robots #Robotics #AI #BigData #Analytics #DataScience #rstats #IoT #TensorFlow #javascript #react…",1174982905728249856,CoDailychalleng,Coding DailyChallenge,9803,36,https://donow.in,https://donow.in
77,1265643857640714251,en,"RT @dayus4heaven: Build a simple Neural Network in 9 lines of #Python #code
https://t.co/9is51fHFvR
#WebDev #BigData #Analytics #DataScienc…",1261355507203203072,LearnWithHarry,Harry,7533,65,https://notarealwebsite.nope,https://notarealwebsite.nope
78,1265643610344525825,en,RT @Deep_In_Depth: How to Build a Successful Data Science Workflow https://t.co/9Awh7P4QDN #DL #AI #ML #DeepLearning #NeuralNetworks  #Arti…,1261355507203203072,LearnWithHarry,Harry,7533,18,https://notarealwebsite.nope,https://notarealwebsite.nope
79,1265642589471961091,en,"RT @dayus4heaven: Build a simple Neural Network in 9 lines of #Python #code
https://t.co/9is51fHFvR
#WebDev #BigData #Analytics #DataScienc…",1242050244285624320,ndroid_techk,Ndroid Technology,4131,65,http://ndroid.online,http://ndroid.online
80,1265642272340623360,en,"RT @FARHAN_RABBANI: Keyboard shortcuts 

#Robots #Robotics #AI #BigData #Analytics #DataScience #rstats #IoT #TensorFlow #javascript #react…",1190726565073522694,LlnuxBot,LinuxBot,256851,36,https://techdox.nz,https://techdox.nz
81,1265642036650217472,en,"RT @FARHAN_RABBANI: Keyboard shortcuts 

#Robots #Robotics #AI #BigData #Analytics #DataScience #rstats #IoT #TensorFlow #javascript #react…",930871517860319232,thomashilbig2,Thomas Hilbig 2.0,84051,36,https://www.thomashilbig.com/,https://www.thomashilbig.com/
82,1265638909947437059,en,"RT @dayus4heaven: Ember.js Cheat Sheet for your use.
#WebDev #BigData #Analytics #DataScience #CyberSecurity #IoT #IIoT #PyTorch #Python #R…",1190726565073522694,LlnuxBot,LinuxBot,256851,50,https://techdox.nz,https://techdox.nz
83,1265638902154616832,en,"RT @dayus4heaven: Ember.js Cheat Sheet for your use.
#WebDev #BigData #Analytics #DataScience #CyberSecurity #IoT #IIoT #PyTorch #Python #R…",885513434569355265,Taieb_Bot,JSBot,446657,50,https://github.com/AlFalahTaieb,https://github.com/AlFalahTaieb
84,1265638889831661572,en,"RT @dayus4heaven: Ember.js Cheat Sheet for your use.
#WebDev #BigData #Analytics #DataScience #CyberSecurity #IoT #IIoT #PyTorch #Python #R…",955709459065659392,WebSecurityIT,WebSecurityIT,259348,50,https://yourxss.pro/,https://yourxss.pro/
85,1265638883779207169,en,"RT @dayus4heaven: Ember.js Cheat Sheet for your use.
#WebDev #BigData #Analytics #DataScience #CyberSecurity #IoT #IIoT #PyTorch #Python #R…",1242050244285624320,ndroid_techk,Ndroid Technology,4131,50,http://ndroid.online,http://ndroid.online
86,1265637847907868679,en,"RT @PratikNilange: Me explaining client how to use the program!🤣
#WebDev #BigData #Analytics #DataScience #CyberSecurity #IoT #IIoT #PyTorc…",1127829883013361665,xaelbot,xael bot,414223,948,https://yathinbabu.github.io,https://yathinbabu.github.io
87,1265637843243859969,en,"RT @PratikNilange: Me explaining client how to use the program!🤣
#WebDev #BigData #Analytics #DataScience #CyberSecurity #IoT #IIoT #PyTorc…",1182866592138350592,theInfernobot,Inferno,9154,948,https://google.com,https://google.com
88,1265637791850917888,en,"RT @PratikNilange: Me explaining client how to use the program!🤣
#WebDev #BigData #Analytics #DataScience #CyberSecurity #IoT #IIoT #PyTorc…",806050234098860032,sumargoraymond,Remona,4325,948,https://mobile.twitter.com,https://mobile.twitter.com
89,1265632218203873281,en,"RT @dayus4heaven: Ember.js Cheat Sheet for your use.
#WebDev #BigData #Analytics #DataScience #CyberSecurity #IoT #IIoT #PyTorch #Python #R…",50889806,yellowstonemike,Michael P Adams,98709,50,http://twitter.com/download/iphone,http://twitter.com/download/iphone
90,1265630900907175942,en,"RT @dayus4heaven: Build a simple Neural Network in 9 lines of #Python #code
https://t.co/9is51fHFvR
#WebDev #BigData #Analytics #DataScienc…",1190726565073522694,LlnuxBot,LinuxBot,256851,65,https://techdox.nz,https://techdox.nz
91,1265630715799986176,en,"RT @dayus4heaven: Build a simple Neural Network in 9 lines of #Python #code
https://t.co/9is51fHFvR
#WebDev #BigData #Analytics #DataScienc…",50889806,yellowstonemike,Michael P Adams,98709,65,http://twitter.com/download/iphone,http://twitter.com/download/iphone
92,1265629792952410112,en,"RT @PinakiLaskar: The Boy is a,
1. Programmer
2. Engineer
3. Coder
What is your opinion.

#Robotics #machinelearning #Python #Java #Javascr…",50889806,yellowstonemike,Michael P Adams,98709,54,http://twitter.com/download/iphone,http://twitter.com/download/iphone
93,1265629595832705026,en,RT @gp_pulipaka: 18 Best PyTorch Books of All Time. #BigData #Analytics #DataScience #IoT #IIoT #PyTorch #Python #RStats #TensorFlow #Java…,1190726565073522694,LlnuxBot,LinuxBot,256851,69,https://techdox.nz,https://techdox.nz
94,1265629547812335617,en,RT @gp_pulipaka: 18 Best PyTorch Books of All Time. #BigData #Analytics #DataScience #IoT #IIoT #PyTorch #Python #RStats #TensorFlow #Java…,986033459134107655,dllarad,David Lara,346,69,https://mobile.twitter.com,https://mobile.twitter.com
95,1265629347408420864,en,RT @gp_pulipaka: Top Ten Cybersecurity Books. #BigData #Analytics #DataScience #CyberSecurity #IoT #IIoT #PyTorch #Python #RStats #TensorFl…,986033459134107655,dllarad,David Lara,346,80,https://mobile.twitter.com,https://mobile.twitter.com
96,1265625637349359616,en,"RT @sjmielke: You've seen JAX differentiate numpy one-liners, and it looked cool, but... how does one build actual neural net models like w…",3524520857,PiotrZelasko,Piotr Żelasko,665,288,https://mobile.twitter.com,https://mobile.twitter.com
97,1265622833960345601,en,RT @keunwoochoi: It seems clear to me that Tensorflow developers are not deeply understanding why researchers struggle with their product.…,8514822,4sim,asim kadav,799,12,http://twitter.com/download/iphone,http://twitter.com/download/iphone
